url;query;title;content;scrapy_time
http://www.pc6.com/infoview/Article_183864.html;编程语言排行;[<Selector xpath='descendant-or-self::title/text()' data='编程语言排行榜2019年7月 TIOBE编程语言排行榜2019年最新版 -pc6'>];if(document.getElementById('down-info')!=null||document.getElementById('wcont')!=null);2019-07-11 17:20:54
https://cloud.tencent.com/developer/news/370375;编程语言排行;[<Selector xpath='descendant-or-self::title/text()' data='最难学的10大编程语言排行榜，Java只排第三，第一出乎意料 - 云+社区 - '>];菜单腾讯云备案控制台云+社区专栏问答沙龙快讯团队主页开发者手册智能钛AI在线学习中心TVP搜索搜索关闭写文章提问登录注册展开腾讯云·社区登录云+社区首页专栏问答沙龙快讯团队主页开发者手册智能钛AI在线学习中心TVP返回腾讯云官网最难学的10大编程语言排行榜，Java只排第三，第一出乎意料文章来源：企鹅号-千锋广州云+校园特惠套餐10元购学生专享1核2G服务器10元/月加8元可选1年cn域名立即抢购2018年12月的TIOBE编程语言排行榜已经出炉，Python重回前三，Go语言跌出前十，VisualBasic.NET涨幅明显，保持第五名。TIOBE排行榜是根据互联网上有经验的程序员、课程和第三方厂商的数量，并使用搜索引擎（如Google、Bing、Yahoo!）以及Wikipedia、Amazon、YouTube统计出排名数据，反映某个编程语言的热门程度。￼在这全世界排名前二十的所有编程语言中，哪种语言最难学呢？关于到底是什么算难学，很多人有自己的看法，衡量标准各不相同。本文从一个全新的！无可反驳的！！角度来分析一下各个编程语言哪学程度。本次参与最难学编程语言排名的选手我从以上榜单中筛选了10位大家比较熟知的，他们分别是：Java、C、Python、C++、.NET、JavaScript、PHP、Objective-C、Go、R。接下来看看这十种语言的难学程度的排名情况吧。第十名、R语言颁奖词R语言，一种自由软件编程语言与操作环境，主要用于统计分析、绘图、数据挖掘。R基于S语言的一个GNU计划项目，所以也可以当作S语言的一种实现，通常用S语言编写的代码都可以不作修改的在R环境下运行。R的语法是来自Scheme。提名词R语言作者，GeorgeRossIhaka：在奥克兰大学统计系任副教授，是R语言的最初作者。排名理由作者头发浓密度：100%￼第九名、Python颁奖词Python是一种广泛使用的高级编程语言，属于通用型编程语言。作为一种解释型语言，Python的设计哲学强调代码的可读性和简洁的语法。相比于C++或Java，Python让开发者能够用更少的代码表达想法。不管是小型还是大型程序，该语言都试图让程序的结构清晰明了。提名词Python语言作者，GuidovanRossum：生于荷兰哈勒姆，计算机程序员，为Python程序设计语言的最初设计者及主要架构师。排名理由作者头发浓密度：95%￼第八名、C语言颁奖词C是一种通用的编程语言，广泛用于系统软件与应用软件的开发。C语言具有高效、灵活、功能丰富、表达力强和较高的可移植性等特点。C语言编译器普遍存在于各种不同的操作系统中，例如MicrosoftWindows、macOS、Linux、Unix等。C语言的设计影响了众多后来的编程语言，例如C++、Objective-C、Java、C#等。提名词C语言作者，DennisMacAlistairRitchie：美国计算机科学家。黑客圈子通常称他为“dmr”。他是C语言的创造者、Unix操作系统的关键开发者，对计算机领域产生了深远影响，并与肯·汤普逊同为1983年图灵奖得主。排名理由作者头发浓密度：85%（+胡须）￼第七名、Go颁奖词Go（又称Golang）是Google开发的一种静态强类型、编译型、并发型，并具有垃圾回收功能的编程语言。Go的语法接近C语言，但对于变量的声明有所不同。Go支持垃圾回收功能。提名词Go语言作者，RobertC.Pike：来自加拿大的程序员，曾经加入贝尔实验室，为UNIX小组的成员。他与肯·汤普逊共同开发了UTF-8。目前为google的工程师，参与编程语言Go与Sawzall的研发工作。排名理由作者头发浓密度：80%￼第六名、JavaScript颁奖词JavaScript，通常缩写为JS，是一种高级的，解释执行的编程语言。JavaScript是一门基于原型、函数先行的语言，是一门多范式的语言，它支持面向对象编程，命令式编程，以及函数式编程。它已经由ECMA（欧洲计算机制造商协会）通过ECMAScript实现语言的标准化。它被世界上的绝大多数网站所使用，也被世界主流浏览器（Chrome、IE、Firefox、Safari、Opera）支持。提名词JavaScript语言作者，BrendanEich：美国程序员与企业家，JavaScript主要创造者与架构师，曾任Mozilla公司的首席技术官，并曾短暂担任首席执行官。排名理由作者头发浓密度：75%￼第五名、Objective-C颁奖词Objective-C是一种通用、高级、面向对象的编程语言。它扩展了标准的ANSIC编程语言，将Smalltalk式的消息传递机制加入到ANSIC中。目前主要支持的编译器有GCC和Clang（采用LLVM作为后端）。提名词Objective-C作者，BradCox：美国计算机科学家。于傅尔曼大学主修化学与数学，于芝加哥大学取得数学生物学博士学位。Objective-C主要作者。排名理由作者头发浓密度：70%第四名、PHP颁奖词PHP（全称：PHP：HypertextPreprocessor，即“PHP：超文本预处理器”）是开源的通用计算机脚本语言，尤其适用于网络开发并可嵌入HTML中使用。PHP的语法借鉴吸收C语言、Java和Perl等流行计算机语言的特点，易于一般程序员学习。PHP的主要目标是允许网络开发人员快速编写动态页面，但PHP也被用于其他很多领域。提名词PHP语言作者，RasmusLerdorf：出生于格陵兰岛凯凯塔苏瓦克，是一个丹麦程序员，他拥有加拿大国籍。他也是编程语言PHP的创始人，其中PHP的头两个版本是由他编写的，后来他也参与PHP后续版本的开发。排名理由作者头发浓密度：60%￼第三名、Java颁奖词Java是一种广泛使用的计算机编程语言，拥有跨平台、面向对象、泛型编程的特性，广泛应用于企业级Web应用开发和移动应用开发。Java编程语言是个简单、面向对象、分布式、解释性、健壮、安全与系统无关、可移植、高性能、多线程和动态的语言。提名词Java语言作者，JamesGosling：出生于加拿大，软件专家，Java编程语言的共同创始人之一，一般公认他为“Java之父”。排名理由作者头发浓密度：50%￼第二名、C++颁奖词C++是一种使用广泛的计算机程序设计语言。它是一种通用程序设计语言，支持多重编程模式，例如过程化程序设计、数据抽象、面向对象程序设计、泛型程序设计和设计模式等。提名词C++语言作者，BjarneStroustrup：生于丹麦奥胡斯郡，计算机科学家。他以创造C++编程语言而闻名，被称为“C++之父”。排名理由作者头发浓密度：40%￼第一名、VisualBasic.NET颁奖词VisualBasic.NET（VB.NET）是.NETFramework框架下的一种多重编程范式高级语言。VisualBasic.NET属Basic系语言，其语法特点是以极具亲和力的英文单词为基础标识，以及与自然语言极其相近的逻辑表达，有时候你会觉得写VB.NET代码就好像在写英文句子一样，从这个角度来说，VB.NET似乎是最高级的一门编程语言，当然在Basic系语言中VB.NET也确实是迄今为止最强大的一门编程语言。提名词VisualBasic.NET作者，AlanCooper：交互设计的提倡者。库珀有些时候被叫做VisualBasic之父，虽然大多数的工作是由微软的内部开发团队完成的，但是对于Windows可视化设计工具的创意是来源于库珀的。排名理由作者头发浓密度：0%￼以上，就是世界上最难学的编程语言前十名，本次大赛组委会认为，作者的头发越稀少，说明这种语言在学习过程中要掉越多的头发，所以，推导出这种语言越难学。此排名纯属娱乐，如有雷同，纯属见鬼。最后，千锋广州小编希望大家都可以好好的保护自己的头发，植发真的很贵！发表于:2018-12-132018-12-1315:08:13原文链接：https://kuaibao.qq.com/s/20181213A0SJ3N00?refer=cp_1026腾讯「云+社区」是腾讯内容开放平台帐号（企鹅号）传播渠道之一，根据《腾讯内容开放平台服务协议》转载发布内容。basic语言和vb语言basic语言属于什么语言basic语言属于什么软件basic语言属于系统软件吗basic语言属于高级语言.0分享分享快讯到朋友圈分享快讯到QQ分享快讯到微博复制快讯链接到剪贴板扫描二维码扫码关注云+社区领取腾讯云代金券上一篇：快速集成Flyway、MyBatis、MyBatis-Generator、H2下一篇：笈美无人餐厅，新技术赋能餐饮行业同媒体快讯Web前端开发入门之网页制作三要素，小白值得一看2019-07-11Java初学者必须掌握的知识点，这4大核心知识点缺一不可2019-07-11IT行业4大热门职业，你更中意哪个？2019-07-112018程序员生存现状报告：Java仍然是程序员最擅长的语言2019-07-11来自Java大牛的忠告：学Java，按照这个学习路线来2019-07-11Python工程师必备：Python代码维护常见的5种工具2019-07-11相关快讯Kotlin使用率达35%，Java要退位了？2018-05-10最难学的10大编程语言Java排第3，它竟是第1名！2019-07-112019年规划2019-07-11Python数据分析学习笔记0012019-07-11训练项目一起来学python2019-07-11这个中秋节，前端开发工程师，他们都在读哪些书？2019-07-11社区专栏文章互动问答技术沙龙技术快讯团队主页开发者手册智能钛AI活动原创分享计划自媒体分享计划资源在线学习中心技术周刊社区标签开发者实验室关于社区规范免责声明联系我们归档问题归档专栏文章归档快讯文章归档关键词归档开发者手册归档开发者手册Section归档扫码关注云+社区领取腾讯云代金券Copyright©2013-2019TencentCloud.AllRightsReserved.腾讯云版权所有京ICP备11018762号京公网安备11010802020287扫描二维码扫码关注云+社区领取腾讯云代金券;2019-07-11 17:20:54
https://baijiahao.baidu.com/s?id=1610916427184492238&wfr=spider&for=pc;编程语言排行;[<Selector xpath='descendant-or-self::title/text()' data='9 月编程语言最新排行榜：万年不变的前三终于变了！'>];百度首页登录个人中心帐号设置意见反馈退出9月编程语言最新排行榜：万年不变的前三终于变了！暴走it发布时间：18-09-0712:29TIOBE编程排行榜是根据全球工程师、课程和第三方数量（如各类搜索引擎）为指数来得出在当月，哪个编程语言是最热门的、最受程序员欢迎的，尽管它不代表语言本身的好坏，但从一定程度上能够帮助开发者们了解到编程语言的趋势。因为对于想要进入IT行业的小伙伴来说，编程语言的趋势可以作为我们去选择学习技术方向的一个维度。TIOBE发布了9月份的编程语言排行榜，上个月Python与第3名擦肩而过，而指数稳步上升的它在本月终于打败C++，成功探花。“人生苦短，我用Python”，Python的经典slogan讲究争分夺秒，然而在TIOBE拿下第3名宝座，却花了Python太长时间。自20世纪90年代初首次录入TIOBE，Python花了10年才首次进入指数前10名，随着它的不断应用与发展，Python逐渐在网络安全与数据科学等领域大放异彩，近年来随着人工智能与数据分析等领域的大热，Python也得到了前所未有的高度关注，目前在全球范围内它已经是大学的首选编程语言，同时也征服了工业界。越来越多人使用Python，反映在TIOBE指数上就是它稳扎稳打地一步步向上爬，从前10到前5，如今终于进入了前3。人生苦短，我用Python。不再是个段子，这一次，它正名了。不过刚刚被挤下去的C++咬得很紧，下个月的榜单第3名的宝座上坐着谁还不好说。而Java则依旧高居编程语言榜首，它是功能完善的通用程序设计语言，可以用来开发可靠的、要求严格的应用程序。Java这是一门经典的语言，是在90年代引入的，Java是由Oracle提供的开源语言。同时，Java不仅仅是一个单纯的语言，Java提供了一个比较完整的平台，有一个庞大的库。其中包含很多可重用代码，同时提供一个安全，自动垃圾回收，跨操作系统的执行环境。随着社会经济与信息的高速发展，我们身边无处不在的电子设备，这些电子设备都需要各种软件开发并应用，Java就是这些应用首选的编程语言。下面列出了完整的21-50名，因为是非官方发布的，所以可能存在遗漏：声明：TIOBE编程社区指数（TheTIOBEProgrammingCommunityindex）是编程语言流行度的指标，该榜单每月更新一次，指数基于全球技术工程师、课程和第三方供应商的数量。包括流行的搜索引擎，如谷歌、必应、雅虎、维基百科、亚马逊、YouTube和百度都用于指数计算。作者最新文章想进IT行业？先看2019年需求最高的TOP10！12-2817:13要到9102年了，程序员该如何规划自己的职业发展？12-2715:50没有名校背景，该如何使自己越来越值钱？12-2417:15相关文章这套1600赞的NLP课程已开放，面向实战，视频代码都有丨资源使用Python中Selenium库实现随机自动浏览网页内容的功能为何大部分程序员无法成长为架构师编程语言学哪个比较好？2019年最实用的编程语言十个优秀编程项目，让你无惧秋招！设为首页©Baidu使用百度前必读意见反馈京ICP证030173号京公网安备11000002000001号返回顶部;2019-07-11 17:20:54
https://baijiahao.baidu.com/s?id=1595471846012437138&wfr=spider&for=pc;编程语言排行;[<Selector xpath='descendant-or-self::title/text()' data='2018年可靠的IT编程语言排名，C排第二，热门python位置显尴尬！'>];百度首页登录个人中心帐号设置意见反馈退出2018年可靠的IT编程语言排名，C排第二，热门python位置显尴尬！天雪道发布时间：18-03-2119:352018年比较可靠的IT编程语言排名榜单中C排第二，热门语言python位置稍显尴尬，排在第四位。PHP曾经被认为世界最好的编程语言，更显得有点落寞，排名第八。计算机语言都是有其局限性的。到目前为止，还没有哪一种编程语言可以高效的运用在各个领域。每一种计算机编程语言的出现，最初都是为了解决某种特定问题而出现的。TIOBE2018编程语言排行，是由TIOBE社区统计的排序的，数据源于专业的程序员、第三方厂商及课程的数量，使用著名的搜索引擎计算的，这些搜索引擎主要包括google、youtube、baidu等。排行榜只是表明编程语言的流行趋势。而每一个初学编程的人，都会受到某种明示或暗示，自己接触的语言都是最完美的。每一本编程语言教程的前言功能，应该就在于此吧。计算机语言众多，排名也是五花八门，如何看待选择编程语言，是很多编程初学者经常碰到的困惑，有的也可能为此走了很多弯路。就像古老的python突然就很火起来，为大众所熟知。作为一个初学程序员，应该如何看待这种情况？下面是TIOBE2018编程语言年度排行旁python语言是一种比较古老的编程语言，发布于1991年，但当时并没有受太大关注，1998年排名在24位。近两年表现的比较活跃，原因有几个：1、主要归因于python对大数据的处理能力，性能表现优良，语法相对简单，学习成本较低。3、人工智能及云计算的发展，国家推广人工智能教育，python被一些学校作为教学语言。2、培训机构借人工智能的声势，宣传python的各种优势，所以，迅速在大众中传播。就如区块链技术，还没几个人真正立理解技术，为了培训，就已经出现很多大师了！python是一门编程语言，是一种工具，不管怎么样，否不可能完美的，这一点必须认识到位。下面是TIOBE2018编程语言3月份排行旁python缺点：1、是解释性语言，而不是编译的，注定要牺牲部分性能，速度与C就是几条街了；2、底层不够规范，如它也是面向对象的编程，但在类继承就显得混乱不堪，与java也是没法比的。3、由于自身的核心机制原因，并不是很适合移动应用的开发，所以，移动应用方面很难被大规模使用。选择编程语言，并不是看它有多火爆，而是用在哪些领域。下图为计算机语言的生态示意图自从计算机语言诞生至今，各种各样的编程语言竞相发布，据不完全统计，目前能应用到实际项目的，已经有上千多种，而且每年都会有新的编程语言出现，当然也是各有特色。换句话说，编程语言并没有想象中那么神秘，只要理解编译原理，就可以定义自己的编程语言。至于开发效率、语言性能及开发者接受度，那就是另外的事。编程语言各有特色，也就是各有短板。众多编程语言中，真正能广泛流传使用的并不多，能制定标准规范的更少。如javascript遵循ECMA标准，C语言遵循ISO标准，标记语言HTML则有W3C标准。标准化的语言使用过程会有一些限制，但也意会着规范化，能更广泛的被接受使用。不管哪种编程语言，最终执行都会编译成机器语言，图灵架构技术算机只能识别0和1。作者最新文章6.18购物节，快递员擅自将包裹投放丰巢柜，我该投诉维权吗？06-2001:19“芒果男”强势维权，放过是情分，不放过是本分？06-1923:08未来的快递员：高考再难，也抵挡不了我南下打工的节奏！06-1822:38相关文章这套1600赞的NLP课程已开放，面向实战，视频代码都有丨资源使用Python中Selenium库实现随机自动浏览网页内容的功能Python进阶记录之网络编程（四）为何大部分程序员无法成长为架构师编程语言学哪个比较好？2019年最实用的编程语言设为首页©Baidu使用百度前必读意见反馈京ICP证030173号京公网安备11000002000001号返回顶部;2019-07-11 17:20:54
https://blog.csdn.net/c39660570/article/details/88649725;编程语言排行;[<Selector xpath='descendant-or-self::title/text()' data='2019.3 编程语言排行榜 - c39660570的博客 - CSDN博客'>];"原2019.3编程语言排行榜2019年03月18日20:50:49小小爱1990阅读数748数据源于TIOBE，自己整理的说明展开阅读全文$("".MathJax"").remove();if($('div.markdown_viewspre.prettyprintcode.hljs').length>0))";2019-07-11 17:20:54
http://www.elecfans.com/d/886294.html;编程语言排行;[<Selector xpath='descendant-or-self::title/text()' data='2019年的编程语言排行榜你知道吗-电子发烧友网'>];"TIOBE公布了2019年3月编程语言排行榜，排名前十的依然是：Java,C++,Python,C++,VisualBasic.NET,C#,JavaScript,PHP,SQL和Objective-C。相比于2月份，C语言、Python、C++都在增长，相互之间排名没变化。从目前的趋势来看，Python稳坐前三，在许多编程语言增速放缓甚至下跌的情况下，Python仍能以2.39%的增率保持强劲的增长势头。但从差距上看，Python想要超过排名第二的C语言，短期内则是很难见到了。VisualBasic.NET自去年7月份反超C#后，市场份额一路增长，如今VisualBasic.NET（6.429%）的使用率几乎是C#（3.267%）的两倍。本月TIOBE排行没有什么有趣的变化，那我们不妨把目光放的远一点，Powershell首次进入前50名：Powershell上次进入前50名已经在12年前了，Powershell通常用于编写basic脚本，直到最近它才适用于Windows，但微软使用其.NETCore平台创建了PowershellCore。而PowerShellCore是开源的，可在所有主流平台上运行。这可能是Powershell再次受欢迎的原因。下面还是来看看其他排名详情：Top10编程语言TIOBE指数走势（2002-2018）历史排名（1988-2018）编程语言“名人榜”（2003-2018）注意：SQL自2018年2月起被重新添加到了TIOBE排行榜中，由于没有以往的数据可以对比，增长速度非常快，现在位居第9名。电子发烧友网工程师技术专区华大北斗推出面向大众市场的双天线惯性导航系统可精准自动驾驶定位人工智能将成为药物研究常用手段全球首个AI设计疫苗问世郭明錤预测苹果在2020年将推出5G版iPhone每天收集你个人信息的APP超过1000种realmeX大师版洋葱已正式开售-->原文标题：2019年3月编程语言排行榜：C语言、Python、C++都在增长文章出处：【微信号：TheBigData1024，微信公众号：人工智能与大数据技术】欢迎添加关注！文章转载请注明出处。关注电子发烧友微信有趣有料的资讯及技术干货下载发烧友APP打造属于您的人脉电子圈关注发烧友课堂锁定最新课程活动及技术直播-->(function())();-->收藏人收藏分享：评论发布评论请先登录相关推荐云龙51单片机视频教程目前国内公认的最好的视频教程，通俗易懂，容易上手，非常适合初学者，被大量的培训机构采用。只要你认真看，认真听，保证让你学发表于08-0200:00•次阅读-->15156次阅读【技术杂谈】从数据抓取到可视化分析本文的目的：通过介绍从拉勾网抓取全国范围内的“数据分析”的职位数据，到使用Tableau进行简单的可视化分析，为大家展现一个...发表于07-1109:30•次阅读-->80次阅读轻松玩转PIC单片机C语言的PDF电子书免费下载这是一本专门为PIC单片机玩家和爱好者“量身定做”的“傻瓜式”教材（基于C语言），在内容上，主要突出....发表于07-1108:00•次阅读-->9次阅读C51的数据类型详细资料说明本文档的主要内容详细介绍的是C51的数据类型详细资料说明包括了：基本数据类型和C51的运算符发表于07-1108:00•次阅读-->10次阅读JAVA字符集主要包括以下几个方面1.概述本文主要包括以下几个方面：编码基本知识，java，系统软件，url，工具软件等。在下面的描述中，将以""中文""两个字为...发表于07-1107:10•次阅读-->8次阅读中文编码的基础知识中文编码的基础知识：1.本文主要包括以下几个方面：编码基本知识，java，系统软件，url，工具软件等。在下面的描述中，将以""...发表于07-1106:45•次阅读-->4次阅读【技术杂谈】Python3.8新功能体验继3.7版本之后Python再次发布了新版本，虽然新版本带来了不少调整，但是其中很大一部分都是对代码底层设计的修改，又或是typing...发表于07-1104:00•次阅读-->69次阅读如何用74HC595设计12864显示的万年历C语言程序？可以不写详细步骤，告诉我怎么做的思想和必要用的语句即可，最好顺便教我怎么用12864...发表于07-1101:10•次阅读-->7次阅读嵌入式C语言编程小知识总结1.流水线被指令填满时才能发挥最大效能，即每时钟周期完成一条指令的执行(仅指单周期指令)。如果程序发生跳转，流水线会被清空，...发表于07-1017:19•次阅读-->215次阅读嵌入式系统为什么选择C语言作为开发语言了解嵌入式开发的朋友们都非常的清楚其核心的开发语言为C语言，C语言在嵌入式开发的过程中占有十分重要的....发表于07-1017:01•次阅读-->42次阅读如何使用VisualC语言实现的Delaunay三角剖分算法描述了一种区域生长的平面Delaunay三角剖分方法，该算法首先生成一一个满足条件的三角形，然后循环....发表于07-1016:28•次阅读-->13次阅读嵌入式C语言中的组成结构是什么尽管变量voice和sample_rate彼此相关，但它们被定义为两个独立变量。为了将这两个变量相互....发表于07-1011:05•次阅读-->50次阅读JAVA中JDK、J2EE、J2SE、J2ME的概念详解DK、J2EE、J2SE、J2ME概念详解将向你详细介绍JDK、J2EE、J2SE、J2ME的概念以及他们的关系区别。JD...发表于07-1008:28•次阅读-->17次阅读C程序设计语言原版TheCProgrammingLanguagePDF电子书免费下载《C程序设计语言》是由C语言的设计者DennisM.Ritchie和著名计算机科学家Brian....发表于07-1008:00•次阅读-->19次阅读C语言深度解剖PDF版电子书免费下载我遇到过很多程序员和计算机系毕业的学生，也给很多程序员和计算机系毕业的学生讲解过《高级C语言程....发表于07-1008:00•次阅读-->20次阅读Python文本编辑器实用工具免费下载用labVIEW2018使用ScintllaNET控件制作的一Python的文本编辑器可实现功能如....发表于07-1008:00•次阅读-->16次阅读廖雪峰Python3基础教程完整版电子书免费下载Python是一种计算机程序设计语言。你可能已经听说过很多种流行的编程语言，比如非常难学的C语....发表于07-1008:00•次阅读-->23次阅读python学习笔记-安装scrapy以下是基于python所写的一个爬虫，因为我曾经学过一点python，所以对所有的东西都会写的很详细，同时肯定会有错的。。如果您在看...发表于07-1007:49•次阅读-->23次阅读Java序列化的机制和原理本文讲解了Java序列化的机制和原理。从文中你可以了解如何序列化一个对象，什么时候需要序列化以及Java序列化的算法。AD：...发表于07-1007:27•次阅读-->7次阅读java字符集知识总结本文主要包括以下几个方面：编码基本知识，java，系统软件，url，工具软件等。在下面的描述中，将以""中文""两个字为例，经查表...发表于07-1007:07•次阅读-->6次阅读初级java工程师的面试经历最近在找java初级工程师的工作，投了很多简历都没有反馈，只收到了几个面试通知，可能是因为工作年限和....工程师人生发表于07-0917:00•次阅读-->225次阅读成为Java高级工程师需要学习什么至少要精通多门开源技术吧，研究过struts\spring等的源码。工程师人生发表于07-0916:54•次阅读-->131次阅读如何使用TrochiliRTOS的各种功能TrochiliRTOS试验指导手册免费下载TROCHILIRTOS是一个全新的适用于嵌入式领域的实时操作系统，主要用C语言开发，支持多任务....发表于07-0916:49•次阅读-->10次阅读JavaWeb后端开发工程师的实习总结8月份开始到现在，进行了一个多月的实习，岗位是JavaWeb后端开发。这过程学到的知识着实比....工程师人生发表于07-0916:49•次阅读-->129次阅读作为一名Java开发工程师需要掌握哪些专业技能在学习Java编程完之后，学员们面临的就是就业问题。作为一名Java开发工程师，企业在招聘的时候，也....工程师人生发表于07-0916:43•次阅读-->161次阅读一位Java工程师的电话面试经历今天5点半接到一个杭州的电话，是蚂蚁金服打来的，当时心里一阵发慌，由于还在上班，就和面试官约定6点下....工程师人生发表于07-0916:28•次阅读-->130次阅读cadence教程的工程文件的资料合集免费下载本文档的主要内容详细介绍的是cadence教程的工程文件的资料合集免费下载包括了：cadence应用....发表于07-0908:00•次阅读-->28次阅读用Python写网络爬虫的PDF电子书免费下载本书讲解了如何使用Python来编写网络爬虫程序，内容包括网络爬虫简介，从页面中....发表于07-0808:00•次阅读-->20次阅读机器学习实战中文版PDF电子书免费下载机器学习是人工智能研究领域中的一个极其重要的方向。在现今大数据时代的背景下，捕获数据并从中萃取有价值....发表于07-0808:00•次阅读-->23次阅读北大内部教材python版算法与数据结构PDF电子书免费下载自从第一台需要人们用线缆和交换机向其传达指令的电子计算机问世以来，编程已发生了巨大改变。计算机科技的....发表于07-0808:00•次阅读-->28次阅读C程序设计语言第二版新版PDF电子书免费下载《C程序设计语言》是由C语言的设计者DennisM.Ritchie和著名计算机科学家Brian....发表于07-0808:00•次阅读-->27次阅读51单片机快速学习的预备知识资料免费下载本文档的主要内容详细介绍的是51单片机快速学习的预备知识资料免费下载包括了：1.学单片机需要什么基础....发表于07-0808:00•次阅读-->49次阅读D语言相对C/C++的衍生功能和优势我记得我读过ScottMeyer著名的《EffectiveC++》，这本书其实更多讲的是指出低....新智元发表于07-0707:22•次阅读-->151次阅读Python中最常用十大图像处理库详细介绍本文主要介绍了一些简单易懂最常用的Python图像处理库当今世界充满了各种数据，而图像是其中高的重要....新机器视觉发表于07-0611:08•次阅读-->193次阅读Java工程师面试知识点总结java虚拟机是执行字节码文件（.class）的虚拟机进程。。java源程序（.java）被编译器编....工程师人生发表于07-0516:43•次阅读-->220次阅读如何成长为一名Java高级程序员所谓的Java高级程序员往往是经验和能力的结合，并不是说掌握了哪几个技术就是高级程序员了，能否把掌握....工程师人生发表于07-0516:33•次阅读-->197次阅读赴日JAVA工程师的感言工作已经有半年了，突然想写点东西，大学的时候就有写日记的习惯，但是自从去Java06班学习一直到现在....工程师人生发表于07-0516:25•次阅读-->203次阅读java工程师的就业前景发展方向随着信息化的发展，IT培训受倒了越来越多人的追捧。在开发领域，JAVA培训成为了许多人的首选！jav....工程师人生发表于07-0516:12•次阅读-->197次阅读PyCharm+Docker:打造最舒适的深度学习炼丹炉一份深度学习炼丹教程！人工智能与大数据技术发表于07-0515:15•次阅读-->224次阅读学习C语言你所必须要了解的知识有哪些高级语言（如C，Java和C++）都以更抽象的方式即我们人的思维来实现代码。发表于07-0514:50•次阅读-->90次阅读Python编程用于数据科学和机器学习Python是一种通用的，高级的，面向对象的，易于学习的编程语言。它由GuidovanRossu....发表于07-0514:44•次阅读-->57次阅读怎样才能学好JAVAJava如今已经是全球编程语言排名第一的语言，运用广泛，前景广阔。发表于07-0510:37•次阅读-->46次阅读如何用OpenCV、Python和深度学习实现面部识别?FaceID的兴起带动了一波面部识别技术热潮。新机器视觉发表于07-0509:57•次阅读-->159次阅读B2C商城系统开发使用java语言合不合适Java技术是开发电商系统中出类拔萃的程序语言，建设B2B网店系统选择java技术是上好的选择。发表于07-0508:51•次阅读-->50次阅读树莓派编程快速入门手册之爱上树莓派第二版PDF电子书免费下载树莓派是创客们喜爱使用的智能硬件，它是一款功能强大的微型计算机，能够为艺术家、创客、制作爱好者和做....发表于07-0408:00•次阅读-->146次阅读JAVA软件工程师应该具备这些基本素质.良好的编码能力。软件人员的一个重要职责是把用户的需求功能用某种计算机语言予以实现。编码能力直接决定....工程师人生发表于07-0317:29•次阅读-->390次阅读PythonROS十天学基础电子教程免费下载身为在中国的ubuntu使用者，当您费劲千辛万苦安装好ubuntu，准备开始体验一下开源操作系....发表于07-0308:00•次阅读-->33次阅读Java软件开发工程师的等级区别技术不同，简单的可以理解为：初级中级的只关注代码，编程。高级的就要考虑系统的架构，整体框架。工程师人生发表于07-0217:32•次阅读-->479次阅读Java开发工程师到底能从事什么行业和什么工作如今，“Java”作为所有编程语言中最热门的技术，也是第一编程语言，可以说它几乎无处不在。目前全球有....工程师人生发表于07-0117:32•次阅读-->734次阅读Java程序员面试失败的五大原因尤其是那些开放式的问题，如“请介绍下你自己”或“请讲一下你曾经解决过的复杂问题”。工程师人生发表于07-0117:27•次阅读-->720次阅读Java工程师的修炼之道一个软件的生命周期中，除了开发还有很多其他步骤，也都是需要掌握的一些技术。工程师人生发表于07-0117:17•次阅读-->712次阅读一名Java工程师的创业经历各位程序员朋友们，本人立足于IT圈也快六年多了。之前也写过不少技术类的博客。技术聊的不少。什么高并发....工程师人生发表于07-0117:06•次阅读-->628次阅读如何在U盘安装绿色版嵌入式PythonPython在Windowns下是提供了安装包，安装后也能简单的拷贝出来，形成portable的绿色....发表于07-0111:48•次阅读-->99次阅读使用JAVA设计的贪吃蛇程序免费下载本文档的主要内容详细介绍的是使用JAVA设计的贪吃蛇程序免费下载，可以控制上下左右，吃食物计分，撞墙....发表于07-0108:00•次阅读-->35次阅读Java跌落神坛,Python继续夺冠....凭啥？编程语言流行指数(PYPL)排行榜近日公布了2019年6月份榜单。AI科技大本营发表于06-3013:05•次阅读-->702次阅读如何用Python实现所有算法?一个牛逼的开源项目！人工智能爱好者社区发表于06-3011:50•次阅读-->392次阅读Java后端工程师的面试经历经过半年的沉淀，加上对MySQL，redis和分布式这块的补齐，终于开始重拾面试信心，再次出征。工程师人生发表于06-2816:25•次阅读-->294次阅读嵌入式教程之嵌入式实时操作系统RTEMS的详细资料介绍RealTimeExecutiveforMultiprocessorSystems（RT....发表于06-2716:56•次阅读-->58次阅读";2019-07-11 17:20:55
https://baijiahao.baidu.com/s?id=1636096453107674937&wfr=spider&for=pc;编程语言排行;[<Selector xpath='descendant-or-self::title/text()' data='TIOBE 6 月编程语言排行榜公布，Java稳居第一！'>];百度首页登录个人中心帐号设置意见反馈退出TIOBE6月编程语言排行榜公布，Java稳居第一！云和数据发布时间：06-1209:32随着科学技术与数字媒体的日新月异，IT行业迅速发展，日趋火爆，越来越多的人选择进入这个高端、高薪、高技术的“三高”行业。那么问题来了，对刚接触这个领域的新手程序员来说，选什么编程语言作为第一门语言？如何找到适合自己的方向呢？或许我们可从最新的编程语言榜单中探寻到些许的答案。日前，每月一更的TIOBE编程语言社区最新发布了2019年6月编程语言排行榜，排名前五的分别是：Java、C、Python、C++、VisualBasic。在这份排行榜中，势头最为强劲的无疑就是Python了。相比5月编程语言榜单，Python的TIOBE指数持续上升，创下了新纪录，达到8.530%，超过C++的7.384%，成功占据第三名位置。同时，Python以2.77%的涨幅成为增速最快的编程语言。不过，Python的上升势头虽然很猛，却依然无法撼动Java的霸主地位。Java仍然以15.004%的指数，稳坐龙头。科普TIOBE编程社区指数是编程语言流行度的指标，其榜单每月更新一次，指数基于全球技术工程师、课程和第三方供应商的数量。包括流行的搜索引擎，如谷歌、必应、雅虎、维基百科等都用于指数计算。这个排行榜虽然只是反映某个编程语言的热门程度，并不能说明一门编程语言好不好，或者一门语言所编写的代码数量多少。但是，可以用来考查你的编程技能是否与时俱进，也可以在开发新系统时作为一个语言选择依据。一门稳定并且持久稳步维持在高位的语言，意味着成熟的开发环境和生态圈，整个生态可以养活众多大大小小的公司，从而拥有最多的开发人员的需求。以这个标准来看，一直稳居第一的Java无疑就是一个很好的选择。下面，我们就来具体分析分析，Java到底有什么优势？第一，Java入门门槛低首先Java是一个面向对象的编程语言，容易理解。而且略去了多重加载、指针等难以理解的概念。并且实现了自动垃圾回收，大大简化了程序设计。其次Java学习资料较多，网上很多在线学习平台就可以找到很多Java学习视频，如果你感兴趣的话，完全是可以去学习的。第二，Java岗位薪资高最新的一些报告证明，Java程序员是业内薪资最高的程序员之一。在国内一年经验的Java程序员薪资基本都有8K以上，随着工作经验的增加薪资也会逐年增加，更有能力的人可以达到30K-50K。第三，Java人才缺口大根据职友集数据显示Java开发工程师的全国平均薪资为13370元每月，而Java开发的全国招聘量99322条。从这可以看出Java烂大街这种说法是无稽之谈，目前市场上还是很缺Java人才的，只要你认真学习，学好Java，找一份心仪的工作并不难。第四，Java应用范围广Java适用于企业级应用开发、网站开发、游戏开发、移动端APP开发和电子商务系统开发等，很多领域如金融、电商、通信等行业都要用到Java语言。这主要是因为Java语言具有功能强大和简单易用两个特征，适合于互联网+应用程序开发，而且Java还很适用于现在比较火的物联网行业，所以照目前的趋势Java开发还能流行很多年。第五，学完Java后一通百通Java具有简单性、面向对象、分布式、健壮性、安全性、平台独立与可移植性、多线程、动态性等特点。Java语言简单易学，对于初学者来说比较友好，而且学习周期也不会太长。而在精通Java语言后再学习其它开发语言会更简单，所以就算以后几年Java真的不流行了，你再改学其他语言也没问题。综上所述，2019年，Java仍然是一门值得你选择的，能给你带来高回报的编程语言。作者最新文章激昂青春，成就梦想——云和数据UI新班开班仪式顺利举行07-1110:02加强交流合作携手共谋发展：云和数据集团领导赴悉知科技观摩07-1009:28云和数据JAVA181201班项目发布会暨毕业典礼隆重举行07-0909:04相关文章面试珍藏：最常见的20道Java面试题（2019年最新版）java-最全的集合框架详解这套1600赞的NLP课程已开放，面向实战，视频代码都有丨资源JAVA阻塞（IO）和非阻塞（NIO）使用Python中Selenium库实现随机自动浏览网页内容的功能设为首页©Baidu使用百度前必读意见反馈京ICP证030173号京公网安备11000002000001号返回顶部;2019-07-11 17:20:55
https://baike.baidu.com/item/%E4%B8%96%E7%95%8C%E7%BC%96%E7%A8%8B%E8%AF%AD%E8%A8%80%E6%8E%92%E8%A1%8C%E6%A6%9C/1600318?fr=aladdin;编程语言排行;[<Selector xpath='descendant-or-self::title/text()' data='世界编程语言排行榜_百度百科'>];"收藏查看我的收藏0有用+1已投票0世界编程语言排行榜编辑锁定讨论999TIOBE编程语言排行榜是编程语言流行趋势的一个指标，每月更新，这份排行榜排名基于互联网有经验的程序员、课程和第三方厂商的数量。排名使用著名的搜索引擎（诸如Google、MSN、Yahoo!、Wikipedia、YouTube以及Baidu等）进行计算。请注意这个排行榜只是反映某个编程语言的热门程度，并不能说明一门编程语言好不好，或者一门语言所编写的代码数量多少。这个排行榜可以用来考查你的编程技能是否与时俱进，也可以在开发新系统时作为一个语言选择依据。中文名世界编程语言排行榜提出者TIOBE社区应用学科计算机编程语言举例Java,C,C++,C#,PHP,Python,VB目录1编程语言▪汇编语言▪高级语言22009年排行▪前更新20排行▪变动曲线▪21到50排行32010年排行▪前20排行▪变动曲线▪21到50排行42011年排行▪前20位排行▪排名变动曲线▪21到50名52012年排行62013年排行72014年排行82015年排行92016年排行102017年排行112018年排行122019年排行世界编程语言排行榜编程语言编辑计算机语言的种类非常的多，总的来说可以分成机器语言，汇编语言，高级语言三大类。计算机每做的一次动作，一个步骤，都是按照已经用计算机语言编好的程序来执行的，程序是计算机要执行的指令的集合，而程序全部都是用我们所掌握的语言来编写的。所以人们要控制计算机一定要通过计算机语言向计算机发出命令。通用的编程语言有两种形式：汇编语言和高级语言。世界编程语言排行榜汇编语言汇编语言的实质和机器语言是相同的，都是直接对硬件操作，只不过指令采用了英文缩写的标识符，更容易识别和记忆。它同样需要编程者将每一步具体的操作用命令的形式写出来。汇编程序通常由三部分组成：指令、伪指令和宏指令。汇编程序的每一句指令只能对应实际操作过程中的一个很细微的动作，例如移动、自增，因此汇编源程序一般比较冗长、复杂、容易出错，而且使用汇编语言编程需要有更多的计算机专业知识，但汇编语言的优点也是显而易见的，用汇编语言所能完成的操作不是一般高级语言所能实现的，而且源程序经汇编生成的可执行文件不仅比较小，而且执行速度很快。世界编程语言排行榜高级语言高级语言是绝大多数编程者的选择。和汇编语言相比，它不但将许多相关的机器指令合成为单条指令，并且去掉了与具体操作有关但与完成工作无关的细节，例如使用堆栈、寄存器等，这样就大大简化了程序中的指令。同时，由于省略了很多细节，编程者也就不需要有太多的专业知识。高级语言主要是相对于汇编语言而言，它并不是特指某一种具体的语言，而是包括了很多编程语言，如流行的VB、VC、FoxPro、Delphi等，这些语言的语法、命令格式都各不相同。像最简单的编程语言PASCAL语言也属于高级语言。高级语言所编制的程序不能直接被计算机识别，必须经过转换才能被执行，按转换方式可将它们分为两类：1）解释类：执行方式类似于我们日常生活中的“同声翻译”，应用程序源代码一边由相应语言[1]的解释器“翻译”成目标代码(机器语言)，一边执行，因此效率比较低，而且不能生成可独立执行的可执行文件，应用程序不能脱离其解释器，但这种方式比较灵活，可以动态地调整、修改应用程序。2）编译类：编译是指在应用源程序执行之前，就将程序源代码“翻译”成目标代码(机器语言)，因此其目标程序可以脱离其语言环境独立执行，使用比较方便、效率较高。但应用程序一旦需要修改，必须先修改源代码，再重新编译生成新的目标文件(*.OBJ)才能执行，只有目标文件而没有源代码，修改很不方便。大多数的编程语言都是编译型的，例如VisualC++、VisualFoxpro、Delphi等。世界编程语言排行榜2009年排行编辑TIOBE[2]世界编程语言排行榜2009年2月榜单。世界编程语言排行榜前更新20排行世界编程语言排行榜变动曲线09变动排名曲线世界编程语言排行榜21到50排行09年21到50排名世界编程语言排行榜2010年排行编辑世界编程语言排行榜前20排行世界编程语言排行榜变动曲线世界编程语言排行榜21到50排行世界编程语言排行榜2011年排行编辑TIOBE世界编程语言排行榜2011年3月榜单世界编程语言排行榜前20位排行世界编程语言排行榜排名变动曲线世界编程语言排行榜21到50名2011年12月5日Tiobe发布了2011年12月的编程语言排行榜。新一期排行榜Objective-C持续给力跃居第五位，而上一期关注的谷歌Dart语言也上升到第68名，但PHP由第四位跌到第6名。从2001年Tiobe编程语言排行榜开始发布至今，C++几乎一直占据着第三名。虽然Perl,VisualBasic和PHP曾经也排到第3名，但和C++相比，他们就显得不值一提了，因为他们最多只能保持几个月而已。然而相比C++，微软的编程语言C#却更被看好，甚至有人认为C#势必会取代C++，C++是垃圾语言。因为微软的大力推广，使用C#的人越来越多，而老将C++却正在被人遗忘。不甘寂寞，2011年C++再次亮剑，13年来第一个重大修订版，C++11横空出世!下面是前20名的编程语言排行掀起C++11的神秘面纱C++标准在1998年获得通过后，有两位委员会委员预言，下一代C++标准将“肯定”包括内置的垃圾回收器(GC)，但可能不会支持多线程，因为定义一个可移植的线程模型涉及到的技术太复杂了，13年后，新的C++标准C++11也接近完成，你猜怎么着?让那两位委员没想到的是，本次更新还是没有包括GC，但却包括了一个先进的线程库。C++之父BjameStroustrup说C++11就像一个新语言，的确，C++11核心已经发生了巨大的变化，它支持Lambda表达式，对象类型自动推断，统一的初始化语法，委托构造函数，deleted和defaulted函数声明nullptr，以及最重要的右值引用。C++11中值得关注的几大变化◆Lambda表达式◆自动类型推断和decltype◆统一初始化语法◆Deleted和Defaulted函数◆nullptr◆委托构造函数◆右值引用C++11标准库C++于2003年以库技术报告1(TR1)的形式经历了重大改版，TR1包括新的容器类(unordered_set，unordered_map，unordered_multiset和unordered_multimap)和多个支撑正则表达式、元组和函数对象封装器等的新库。随着C++11标准获得通过，TR1和自它首次发布以来新增的库被正式纳入标准的C++标准，下面是C++11标准库的一些特性：线程库站在程序员的角度来看，C++11最重要的新功能毫无疑问是并行操作，C++11拥有一个代表执行线程的线程类，在并行环境中用于同步，async()函数模板启动并行任务，为线程独特的数据声明thread_local存储类型。如果你想找C++11线程库的快速教程，请阅读AnthonyWilliam的“C++0x中更简单的多线程”。新的智能指针类C++98只定义了一个智能指针类auto_ptr，它现在已经被废弃了，C++11引入了新的智能指针类shared_ptr和最近添加的unique_ptr，两者都兼容其它标准库组件，因此你可以在标准容器内安全保存这些智能指针，并使用标准算法操作它们。新的算法C++11标准库定义了新的算法模仿all_of()，any_of()和none_of()操作，下面列出适用于ispositive()到(first,first+n)范围，且使用all_of(),any_of()andnone_of()检查范围的属性的谓词：#include&lt;algorithm&gt;//C++11code//arealloftheelementspositive?all_of(first,first+n,ispositive());//false//isthereatleastonepositiveelement?any_of(first,first+n,ispositive());//true//arenoneoftheelementspositive?none_of(first,first+n,ispositive());//false一种新型copy_n算法也可用了，使用copy_n()函数，复制一个包含5个元素的数组到另一个数组的代码如下：#includeintsource[5]=C++11仍然缺乏一些有用的库，如XMLAPI，套接字，GUI，反射以及前面提到的一个合适的自动垃圾回收器，但C++11的确也带来了许多新特性，让C++变得更加安全，高效，易学易用。如果C++11的变化对你来说太大的话，也不要惊慌，多花些时间逐渐消化这一切，当你完全吸收了C++11的变化后，你可能就会同意Stroustrup的说法：C++11感觉就像一个新语言，一个更好的新语言。世界编程语言排行榜2012年排行编辑2012年1月编程语言排行榜：Objective-C成为2011年度语言TIOBE公布了2012年1月编程语言排行榜。前三的位置有变动，正如上期的标题所言，第三位置已经易主。Objective-C在获得第二名的两年后，终于赢得了TIOBE2011年度编程语言。这个奖项是颁发给在2011年中市场份额增长最多的编程语言。Objective-C的市场份额增比2011年1月份高出3.91%。这主要归功于iPhone和iPad的持续成功，这两种设备上的程序主要都由Objective-C实现。TIOBE指数在2011年中还有什么其他值得关注的变动呢？除了Objective-C之外，C#的市场份额同样获得很大增长（+2.55%），紧随其后的是C（+1.15%）和JavaScript（+0.73%）。另一方面，对于2010年的年度编程语言Python来说，是个悲剧年，份额下降3.05%，PHP也下降了2.13%。2012年会有什么变化呢？会有一种新编程语言闯入Top10么？我们认为会有的。可能进入Top10的语言是：F#、Groovy、R。比如：R语言首次进入Top20.对统计人员来说，R语言已成为统计领域中的主要编程语言。2012年2月6日，TIOBE发布了2012年2月编程语言的排行榜。Objective-C延续上月的升势，占有率已然迈入7%的行列。而榜首的Java和C依旧占据头两位的名词。Python语言正在加速下跌，LOGO语言。LOGO语言是不是设计师用的吗？如果你在搜索引擎里搜索LOGO这个词，出来最多的当然是好多个大公司的标志。又有谁知道LOGO语言是什么呢？我们首先要回到1968年。这一年苏联入侵捷克斯洛伐克，马丁路德金遇刺身亡，而LOGO语言也在这一年诞生。LOGO语言是美国国家科学基金会所资助的一项专案研究，在麻省理工学院（MIT）的人工智能研究室完成。LOGO源自希腊文，原意即为思想，是由一名叫佩伯特的心理学家在从事儿童学习的研究中，发现一些与他的想法相反的教学方法，并在一个假日中出外散步时，偶然间看到一个像海龟的机械装置触发灵感，于是利用他广博的知识及聪明的才智而最终完成了LOGO语言的设计。LOGO语言是一种早期的编程语言，也是一种与自然语言非常接近的，它通过“绘图”的方式来学习编程，对初学者特别是儿童进行寓教于乐的教学方式。世界编程语言排行榜2013年排行编辑2013年4月排行榜2013年4月编程语言排行榜Top20语言走势图4月编程语言排行榜前10位的长期走势图2013年4月TIOBE编程语言排行榜发布了！4月份最主要的变化是C语言超越Java又居第一，而C++超过Objective-C位列第三。2013年11月排行榜世界编程语言排行榜2014年排行编辑2014年3月排行榜世界编程语言排行榜2015年排行编辑2015年一月排行榜2015年一月排行榜2015年4月排行榜2015年四月排行榜2015年五月排行榜2015年5月排行榜2015年六月排行榜2015年六月排行榜[1]世界编程语言排行榜2016年排行编辑2016年1月编程语言排名：21-50编程语言排名：世界编程语言排行榜2017年排行编辑2017年3月编程语言排行榜2017年12月编程语言排行榜[4]2017年12月编程语言排行榜TIOBE2017年3月编程语言1-20排行榜世界编程语言排行榜2018年排行编辑2018年排行[4]2018年9月编程语言TOP20九月头条：Python第一次进入TiOBE指数前3名[4]世界编程语言排行榜2019年排行编辑2019年1月编程语言TOP20一月头条：Python是Tiobe2018年的编程语言！python编程语言荣获“年度编程语言”称号！python之所以获得这个称号，是因为与其他语言相比，它在2018年获得了最多的排名。Python语言赢得了3.62%，其次是VisualBasic.NET和Java。Python现在肯定已经成为大型编程语言的一部分。近20年来，C、C++和Java一直排在前3位，远远领先于其他组件。python现在加入了这三种语言。它是当今大学最常教授的第一语言，在统计领域排名第一，在人工智能编程领域排名第一，在脚本编写方面排名第一，在系统测试方面排名第一。除此之外，python还在Web编程和科学计算方面处于领先地位（只是命名一些其他领域）。总之，python无处不在。[4]2019年1月排行词条图册更多图册参考资料1.TIOBEProgrammingCommunityIndex．TIOBEProgramming[引用日期2013-06-12]2.2013年6月编程语言排行榜．Pythontab[引用日期2013-06-09]3.2012年2月发表的编程语言排行榜4.TIOBEIndexforSeptember2018．TIOBE[引用日期2018-09-11]词条标签：社会，奖项图集世界编程语言排行榜图册V百科往期回顾词条统计浏览次数：次编辑次数：71次历史版本最近更新：圣丶天丶使（2019-01-16）1编程语言1.1汇编语言1.2高级语言22009年排行2.1前更新20排行2.2变动曲线2.321到50排行32010年排行3.1前20排行3.2变动曲线3.321到50排行42011年排行4.1前20位排行4.2排名变动曲线4.321到50名52012年排行62013年排行72014年排行82015年排行92016年排行102017年排行112018年排行122019年排行猜你关注";2019-07-11 17:20:55
https://blog.csdn.net/gravitylink/article/details/81185472;编程语言排行;[<Selector xpath='descendant-or-self::title/text()' data='2018十大最热门编程语言排行榜出炉，Java竟不是第一！ - 引力空间 万物互'>];"转2018十大最热门编程语言排行榜出炉，Java竟不是第一！2018年07月24日15:25:19Gravitylink阅读数58316编程语言的受欢迎程度、学习的人群数量，以及由于人工智能的兴起，最热门的编程语言排行榜也发生了变化。让我们来看看。1、PythonPython的历史可以追溯到1989年，因其高度可读的代码而深受其粉丝的喜爱。许多程序员认为这是最简单的语言开始。Python是一种面向对象的解释型计算机程序设计语言，由荷兰人1989年发明，第一个公开发行版发行于1991年。Python语法简洁清晰，特色之一是强制用空白符(whitespace)作为语句缩进。Python具有丰富和强大的库。它常被昵称为胶水语言，能够把用其他语言制作的各种模块（尤其是C/C++）很轻松地联结在一起。常见的一种应用情形是，使用Python快速生成程序的原型，而后封装为Python可以调用的扩展类库。需要注意的是在您使用扩展类库时可能需要考虑平台问题，某些可能不提供跨平台的实现，人生苦短，请用Python。Python语言相较于去年，排名有所进步。2、C语言C是迄今为止最常用的最古老的编程语言之一。C语言的设计目标是提供一种能以简易的方式编译、处理低级存储器、产生少量的机器码以及不需要任何运行环境支持便能运行的编程语言。尽管C语言提供了许多低级处理的功能，但仍然保持着良好跨平台的特性，以一个标准规格写出的C语言程序可在许多电脑平台上进行编译，甚至包含一些嵌入式处理器（单片机或称MCU）以及超级电脑等作业平台。3、JavaJava是一门面向对象编程语言，不仅吸收了C++语言的各种优点，还摒弃了C++里难以理解的多继承、指针等概念，因此Java语言具有功能强大和简单易用两个特征。Java语言作为静态面向对象编程语言的代表，极好地实现了面向对象理论，允许程序员以优雅的思维方式进行复杂的编程。Java具有简单性、面向对象、分布式、健壮性、安全性、平台独立与可移植性、多线程、动态性等特点。Java可以编写桌面应用程序、Web应用程序、分布式系统和嵌入式系统应用程序等。4、C++C++仍然是一门很重要的编程语言，其通用、快速备受欢迎，哪些在C++方面保持专业水平的人可能会拿到年薪9万到10万美元之间的职位。C++是C语言的继承，它既可以进行C语言的过程化程序设计，又可以进行以抽象数据类型为特点的基于对象的程序设计，还可以进行以继承和多态为特点的面向对象的程序设计。C++擅长面向对象程序设计的同时，还可以进行基于过程的程序设计，因而C++就适应的问题规模而论，大小由之。5、C#C#是微软公司发布的一种面向对象的、运行于.NETFramework之上的高级程序设计语言。C#看起来与Java有着惊人的相似；它包括了诸如单一继承、接口、与Java几乎同样的语法和编译成中间代码再运行的过程。但是C#与Java有着明显的不同，它借鉴了Delphi的一个特点，与COM（组件对象模型）是直接集成的，而且它是微软公司.NETwindows网络框架的主角。6、RR是用于统计分析、绘图的语言和操作环境。R是属于GNU系统的一个自由、免费、源代码开放的软件，它是一个用于统计计算和统计制图的优秀工具。R作为一种统计分析软件，是集统计分析与图形显示于一体的。它可以运行于UNIX,Windows和Macintosh的操作系统上，而且嵌入了一个非常方便实用的帮助系统。R可以看作贝尔实验室（AT&amp;TBellLaboratories）的RickBecker，JohnChambers和AllanWilks开发的S语言的一种实现。7、Java排名第一的Java仍然是具有独孤求败的势头，Java继续统治着程序员最常用的语言列表。以致于我们观察榜单上面的数据，可以发现，Java这一年在GitHub中共获得230万pullrequest，竟然是第二名的编程语言Python的两倍有余。8、PHPPHP语法吸收了C语言、Java和Perl的特点，利于学习，使用广泛，主要适用于Web开发领域,PHP并不是一种随意的任意东西集合，而是关键字和函数工厂的虚拟爆炸.PHP独特的语法混合了C、Java、Perl以及PHP自创的语法。它可以比CGI或者Perl更快速地执行动态网页，PHP还可以执行编译后代码，编译可以达到加密和优化代码运行，使代码运行更快。9、GoGo在不到十年前出现至今，一直是增长最快的编程语言之一，很少有其他新兴语言能够像Go那样排进前20名，这证明了它作为后端系统语言的地位。但是，在连续两个季度的排名当中，Go都排在15名之后，本期还降至16名，而Swift则迅速超越它稳固声誉。虽然Go作为后端语言的地位是毋庸置疑的，但是由于它缺乏像Java等编程语言的多样性，从而在一定程度上使它难以进入新的领域来获得新的增长。10、Swift在本期排名中，Swift再次上升一名，使它与其前辈Objective-C排在了相同的位置。由于苹果对Objective-C的支持，以及它通过iOS平台持续创造的机会，使得该语言一直保持着很高的知名度。然而，Swift与Objective-C的轨迹必然会出现相交，而这个季度的运行是第一次发生这样的情况。Swift在不到4年的时间里成功跻身前10名，其发展速度让人赞叹，而且还有可能进一步攀升。可以看出，Python现在是最受欢迎的程序员编程语言。那么，很多大公司都把Python作为自己旗下人工智能的开发语言，比如亚马逊、谷歌、FACEBOOK等等。那么，如何让自己使用Python开发的机器学习模型快捷低成本的跑起来，并且深度兼容TensorFlow？Google针对人工智能发布了AIYProjects（AIY计划），其目标是让每个Maker（创客）都能DIY自己的AI人工智能产品，让更多人能学习、探索并体验人工智能。对人工智能领域以及正在学习Python的程序员或者创客们，可以去了解下谷歌的这个项目。展开阅读全文$("".MathJax"").remove();if($('div.markdown_viewspre.prettyprintcode.hljs').length>0))";2019-07-11 17:20:55
https://www.tiobe.com/tiobe-index/;编程语言排行;[<Selector xpath='descendant-or-self::title/text()' data='TIOBE Index | TIOBE - The Software Quali'>];MorenewsLatestnewsJuly2019PhilipswinsTIOBEQAAwardTheElevaprojecthasthebestTIOBEQualityIndicator(TQI)scoreofmorethan3,600industrialprojects.July2019TiCS2019.2released!TIOBEreleasesTiCS2019.2.0withover130improvements,i.a.,Dartsupport,InternalandExternalFanOut.June2019HCLTechnologiesusesTiCSIndiancompanyHCLTechnologiescheckscodequalityforitssoftwarewiththeTiCScodequalitysystem.;2019-07-11 17:20:56
